"","species","n.occurrences"
"1","Abarema brachystachya (DC.) Barneby & J.W.Grimes",11
"2","Abarema cochliacarpos (Gomes) Barneby & J.W.Grimes",3
"3","Abarema jupunba (Willd.) Britton & Killip",3
"4","Abarema langsdorffii (Benth.) Barneby & J.W.Grimes",8
"5","Abarema villosa Iganci & M.P.Morim",2
"6","Acanthocladus albicans A.W.Benn.",4
"7","Acnistus arborescens (L.) Schltdl.",3
"8","Acosmium lentiscifolium Schott",7
"9","Acrocomia aculeata (Jacq.) Lodd. ex Mart.",6
"10","Actinostemon concolor (Spreng.) Müll.Arg.",15
"11","Actinostemon klotzschii (Didr.) Pax",16
"12","Actinostemon lasiocarpus (Müll.Arg.) Baill.",1
"13","Actinostemon verticillatus (Klotzsch) Baill.",5
"14","Aegiphila graveolens Mart. & Schauer",1
"15","Aegiphila integrifolia (Jacq.) Moldenke",38
"16","Aegiphila mediterranea Vell.",1
"17","Aegiphila obducta Vell.",3
"18","Aegiphila verticillata Vell.",8
"19","Aegiphila vitelliniflora Walp.",1
"20","Agarista coriifolia (Thunb.) Hook. ex Nied.",4
"21","Agarista eucalyptoides (Cham. & Schltdl.) G.Don",8
"22","Agarista oleifolia (Cham.) G.Don",5
"23","Agonandra excelsa Griseb.",17
"24","Aiouea acarodomatifera Kosterm.",1
"25","Aiouea saligna Meisn.",12
"26","Albizia pedicellaris (DC.) L.Rico",6
"27","Albizia polycephala (Benth.) Killip ex Record",32
"28","Alchornea glandulosa Poepp. & Endl.",32
"29","Alchornea sidifolia Müll.Arg.",2
"30","Alchornea triplinervia (Spreng.) Müll.Arg.",27
"31","Algernonia leandrii (Baill.) G.L.Webster",1
"32","Allagoptera caudescens (Mart.) Kuntze",11
"33","Allophylus edulis (A.St.-Hil. et al.) Hieron. ex Niederl.",32
"34","Allophylus petiolulatus Radlk.",10
"35","Allophylus racemosus Sw.",24
"36","Allophylus semidentatus (Miq.) Radlk.",2
"37","Almeidea lilacina A.St.-Hil.",2
"38","Almeidea rubra A.St.-Hil.",9
"39","Aloysia virgata (Ruiz & Pav.) Juss.",24
"40","Alseis floribunda Schott",26
"41","Alsophila setosa Kaulf.",3
"42","Alsophila sternbergii (Sternb.) D.S.Conant",5
"43","Amaioua guianensis Aubl.",23
"44","Amaioua intermedia Mart. ex Schult. & Schult.f.",15
"45","Amaioua pilosa K.Schum.",5
"46","Amburana cearensis (Allemão) A.C.Sm.",7
"47","Ampelocera glabra Kuhlm.",1
"48","Amphirrhox longifolia (A.St.-Hil.) Spreng.",2
"49","Anadenanthera colubrina (Vell.) Brenan",38
"50","Anadenanthera peregrina (L.) Speg.",15
"51","Anaxagorea dolichocarpa Sprague & Sandwith",7
"52","Anaxagorea silvatica R.E.Fr.",8
"53","Andira anthelmia (Vell.) Benth.",3
"54","Andira fraxinifolia Benth.",33
"55","Andira legalis (Vell.) Toledo",7
"56","Andira ormosioides Benth.",21
"57","Andira vermifuga (Mart.) Benth.",1
"58","Andradea floribunda Allemão",13
"59","Aniba canelilla (Kunth) Mez",11
"60","Aniba firmula (Nees & Mart.) Mez",26
"61","Aniba heringeri Vattimo-Gil",1
"62","Annona acutiflora Mart.",1
"63","Annona cacans Warm.",23
"64","Annona dolabripetala Raddi",41
"65","Annona emarginata (Schltdl.) H.Rainer",3
"66","Annona glabra L.",4
"67","Annona leptopetala (R.E.Fr.) H.Rainer",1
"68","Annona mucosa Jacq.",5
"69","Annona salzmannii A.DC.",1
"70","Annona sylvatica A.St.-Hil.",27
"71","Annona xylopiifolia A.St.-Hil. & Tul.",1
"72","Antonia ovata Pohl",1
"73","Aparisthmium cordatum (A.Juss.) Baill.",35
"74","Apuleia leiocarpa (Vogel) J.F.Macbr.",41
"75","Aralia warmingiana (Marchal) J.Wen",1
"76","Araucaria angustifolia (Bertol.) Kuntze",1
"77","Ardisia guianensis (Aubl.) Mez",7
"78","Aspidosperma australe Müll.Arg.",6
"79","Aspidosperma cuspa (Kunth) Blake",1
"80","Aspidosperma cylindrocarpon Müll.Arg.",10
"81","Aspidosperma discolor A.DC.",1
"82","Aspidosperma dispermum Müll.Arg.",4
"83","Aspidosperma illustre (Vell.) Kuhlm. & Pirajá",5
"84","Aspidosperma olivaceum Müll.Arg.",30
"85","Aspidosperma parvifolium A.DC.",1
"86","Aspidosperma polyneuron Müll.Arg.",11
"87","Aspidosperma ramiflorum Müll.Arg.",9
"88","Aspidosperma spruceanum Benth. ex Müll.Arg.",22
"89","Aspidosperma subincanum Mart.",1
"90","Aspidosperma tomentosum Mart.",1
"91","Astrocaryum aculeatissimum (Schott) Burret",23
"92","Astronium concinnum Schott",7
"93","Astronium fraxinifolium Schott",23
"94","Astronium graveolens Jacq.",35
"95","Attalea apoda Burret",13
"96","Attalea burretiana Bondar",8
"97","Aureliana anonacea (Sendtn.) I.M.C.Rodrigues & Stehmann",3
"98","Aureliana brasiliana (Hunz.) Barboza & Hunz.",2
"99","Aureliana fasciculata (Vell.) Sendtn.",4
"100","Aureliana pogogena (Moric.) I.M.C.Rodrigues & Stehmann",1
"101","Aureliana velutina Sendtn.",5
"102","Austrocritonia angulicaulis (Sch.Bip. ex Baker) R.M.King & H.Rob.",2
"103","Austrocritonia velutina (Gardner) R.M.King & H.Rob.",5
"104","Austroeupatorium inulaefolium (Kunth) R.M.King & H.Rob.",3
"105","Azara uruguayensis (Speg.) Sleumer",1
"106","Baccharis calvescens DC.",8
"107","Baccharis caprariifolia DC.",1
"108","Baccharis dentata (Vell.) G.M.Barroso",3
"109","Baccharis dracunculifolia DC.",8
"110","Baccharis oblongifolia (Ruiz & Pav.) Pers.",6
"111","Baccharis retusa DC.",7
"112","Baccharis rufidula (Spreng.) Joch.Müll.",1
"113","Baccharis semiserrata DC.",2
"114","Baccharis serrulata (Lam.) Pers.",10
"115","Baccharis singularis (Vell.) G.M.Barroso",1
"116","Bactris ferruginea Burret",3
"117","Bactris setosa Mart.",10
"118","Bactris vulgaris Barb.Rodr.",12
"119","Balfourodendron riedelianum (Engl.) Engl.",3
"120","Banara brasiliensis (Schott) Benth.",1
"121","Banara parviflora (A.Gray) Benth.",1
"122","Banara serrata (Vell.) Warb.",4
"123","Basiloxylon brasiliensis (All.) K.Schum.",22
"124","Bathysa australis (A.St.-Hil.) K.Schum.",29
"125","Bathysa gymnocarpa K.Schum.",1
"126","Bathysa mendoncaei K.Schum.",10
"127","Bathysa nicholsonii K.Schum.",29
"128","Bauhinia forficata Link",23
"129","Bauhinia fusconervis (Bong.) Steud.",19
"130","Bauhinia longifolia (Bong.) Steud.",26
"131","Bauhinia ovata (Bong.) Vogel",8
"132","Bauhinia pulchella Benth.",1
"133","Bauhinia rufa (Bong.) Steud.",3
"134","Beilschmiedia fluminensis Kosterm.",1
"135","Beilschmiedia rigida (Mez) Kosterm.",1
"136","Beilschmiedia taubertiana (Schwacke & Mez) Kosterm.",9
"137","Bernardinia fluminensis (Gardner) Planch.",6
"138","Bixa arborea Huber",13
"139","Bixa orellana L.",8
"140","Blepharocalyx eggersii (Kiaersk.) Landrum",1
"141","Blepharocalyx salicifolius (Kunth) O.Berg",17
"142","Boehmeria caudata Sw.",1
"143","Bougainvillea glabra Choisy",1
"144","Bougainvillea spectabilis Willd.",7
"145","Bowdichia virgilioides Kunth",16
"146","Brasiliocroton mamoninha P.E.Berry & Cordeiro",8
"147","Brasiliopuntia brasiliensis (Willd.) A.Berger",6
"148","Bredemeyera hebeclada (DC.) J.F.B.Pastore",5
"149","Brosimum gaudichaudii Trécul",2
"150","Brosimum glaziovii Taub.",12
"151","Brosimum guianense (Aubl.) Huber",28
"152","Brosimum lactescens (S.Moore) C.C.Berg",19
"153","Brosimum rubescens Taub.",1
"154","Brugmansia suaveolens (Willd.) Bercht. & J.Presl",2
"155","Buchenavia hoehneana N.F.Mattos",5
"156","Buchenavia tetraphylla (Aubl.) R.A.Howard",8
"157","Buddleja stachyoides Cham. & Schltdl.",4
"158","Bunchosia maritima (Vell.) J.F.Macbr.",3
"159","Byrsonima cacaophila W.R.Anderson",1
"160","Byrsonima crassifolia (L.) Kunth",7
"161","Byrsonima crispa A.Juss.",12
"162","Byrsonima intermedia A.Juss.",1
"163","Byrsonima laxiflora Griseb.",20
"164","Byrsonima ligustrifolia A.Juss.",1
"165","Byrsonima myricifolia Griseb.",1
"166","Byrsonima sericea DC.",30
"167","Byrsonima stipulacea A.Juss.",12
"168","Byrsonima variabilis A.Juss.",5
"169","Cabralea canjerana (Vell.) Mart.",34
"170","Calliandra asplenioides (Nees) Renvoize",2
"171","Callianthe bedfordiana (Hook.) Donnell",2
"172","Callianthe rufinerva (A. St.Hil.) Donnel",2
"173","Callisthene castellanosii H.F.Martins",2
"174","Callisthene major Mart. & Zucc.",6
"175","Calophyllum brasiliense Cambess.",22
"176","Calotropis procera (Aiton) W.T.Aiton",4
"177","Calyptranthes clusiifolia O.Berg",29
"178","Calyptranthes grammica (Spreng.) D.Legrand",2
"179","Calyptranthes grandifolia O.Berg",6
"180","Calyptranthes lucida Mart. ex DC.",2
"181","Calyptranthes pulchella DC.",6
"182","Calyptranthes widgreniana O.Berg",12
"183","Campomanesia dichotoma (O.Berg) Mattos",2
"184","Campomanesia espiritosantensis Landrum",2
"185","Campomanesia eugenioides (Cambess.) D.Legrand ex Landrum",10
"186","Campomanesia guaviroba (DC.) Kiaersk.",21
"187","Campomanesia guazumifolia (Cambess.) O.Berg",20
"188","Campomanesia laurifolia Gardner",9
"189","Campomanesia phaea (O.Berg) Landrum",5
"190","Campomanesia sessiliflora (O.Berg) Mattos",2
"191","Campomanesia velutina (Cambess.) O.Berg",2
"192","Campomanesia xanthocarpa (Mart.) O.Berg",26
"193","Cariniana estrellensis (Raddi) Kuntze",30
"194","Cariniana legalis (Mart.) Kuntze",19
"195","Carpotroche brasiliensis (Raddi) A Gray",38
"196","Caryocar edule Casar.",6
"197","Casearia aculeata Jacq.",3
"198","Casearia arborea (Rich.) Urb.",36
"199","Casearia commersoniana Cambess.",14
"200","Casearia decandra Jacq.",39
"201","Casearia gossypiosperma Briq.",3
"202","Casearia grandiflora Cambess.",3
"203","Casearia guianensis (Aubl.) Urb.",11
"204","Casearia lasiophylla Eichler",13
"205","Casearia mariquitensis Kunth",12
"206","Casearia melliodora Eichler",2
"207","Casearia obliqua Spreng.",12
"208","Casearia oblongifolia Cambess.",3
"209","Casearia paranaensis Sleumer",1
"210","Casearia pauciflora Cambess.",2
"211","Casearia rupestris Eichler",1
"212","Casearia selloana Eichler",1
"213","Casearia sylvestris Sw.",42
"214","Casearia ulmifolia Vahl ex Vent.",28
"215","Cassia ferruginea (Schrad.) Schrad. ex DC.",29
"216","Cathedra rubricaulis Miers",2
"217","Cavanillesia umbellata Ruiz & Pav.",4
"218","Cecropia glaziovii Snethl.",37
"219","Cecropia hololeuca Miq.",41
"220","Cecropia pachystachya Trécul",31
"221","Cedrela fissilis Vell.",28
"222","Cedrela odorata L.",11
"223","Ceiba erianthos (Cav.) K.Schum.",8
"224","Ceiba pubiflora (A.St.-Hil.) K.Schum.",1
"225","Ceiba speciosa (A.St.-Hil.) Ravenna",9
"226","Ceiba ventricosa (Nees & Mart.) Ravenna",10
"227","Celtis iguanaea (Jacq.) Sarg.",17
"228","Celtis pubescens (Kunth) Spreng.",13
"229","Centrolobium microchaete (Mart. ex Benth.) H.C.Lima",14
"230","Centrolobium robustum (Vell.) Mart. ex Benth.",1
"231","Centrolobium sclerophyllum H.C.Lima",1
"232","Centrolobium tomentosum Guillem. ex Benth.",10
"233","Cestrum axillare Vell.",4
"234","Cestrum bracteatum Link & Otto",13
"235","Cestrum mariquitense Kunth",1
"236","Cestrum retrofractum Dunal",2
"237","Cestrum schlechtendalii G.Don",11
"238","Cestrum strigilatum Ruiz & Pav.",2
"239","Chaetocarpus myrsinites Baill.",7
"240","Chamaecrista aspidiifolia H.S.Irwin & Barneby",1
"241","Chamaecrista aspleniifolia (H.S.Irwin & Barneby) H.S.Irwin & Barneby",10
"242","Chamaecrista ensiformis (Vell.) H.S.Irwin & Barneby",8
"243","Cheiloclinium cognatum (Miers) A.C.Sm.",12
"244","Chionanthus crassifolius (Mart.) P.S.Green",5
"245","Chionanthus ferrugineus (Gilg) P.S.Green",9
"246","Chionanthus filiformis (Vell.) P.S.Green",2
"247","Chloroleucon dumosum (Benth.) G.P.Lewis",2
"248","Chomelia brasiliana A.Rich.",2
"249","Chomelia obtusa Cham. & Schltdl.",1
"250","Chomelia pohliana Müll.Arg.",1
"251","Chomelia pubescens Cham. & Schltdl.",5
"252","Chrysochlamys saldanhae (Engl.) Oliveira-Filho",4
"253","Chrysophyllum flexuosum Mart.",9
"254","Chrysophyllum gonocarpum (Mart. & Eichler ex Miq.) Engl.",24
"255","Chrysophyllum lucentifolium Cronquist",10
"256","Chrysophyllum marginatum (Hook. & Arn.) Radlk.",22
"257","Chrysophyllum rufum Mart.",2
"258","Chrysophyllum splendens Spreng.",8
"259","Chrysophyllum viride Mart. & Eichler",4
"260","Cinnamodendron dinisii Schwacke",5
"261","Cinnamomum erythropus (Nees & Mart.) Kosterm.",4
"262","Cinnamomum pseudoglaziovii Lorea-Hern.",3
"263","Cinnamomum stenophyllum (Meisn.) Vattimo-Gil",2
"264","Cinnamomum tomentulosum Kosterm.",4
"265","Cinnamomum triplinerve (Ruiz & Pav.) Kosterm.",11
"266","Citharexylum myrianthum Cham.",6
"267","Citronella gongonha (Mart.) R.A.Howard",3
"268","Citronella paniculata (Mart.) R.A.Howard",14
"269","Clarisia ilicifolia (Spreng.) Lanj. & Rossberg",18
"270","Clarisia racemosa Ruiz & Pav.",3
"271","Clavija caloneura Mart.",1
"272","Clavija spinosa (Vell.) Mez",2
"273","Clethra scabra Pers.",13
"274","Clusia criuva Cambess.",7
"275","Clusia fragrans Gardner",3
"276","Clusia lanceolata Cambess.",1
"277","Clusia melchiorii Gleason",1
"278","Clusia nemorosa G.Mey.",9
"279","Clusia organensis Planch. & Triana",5
"280","Cnidoscolus oligandrus (Müll.Arg.) Pax",8
"281","Coccoloba alnifolia Casar.",2
"282","Coccoloba glaziovii Lindau",1
"283","Coccoloba warmingii Meisn.",7
"284","Colubrina glandulosa Perkins",5
"285","Conchocarpus longifolius (A. St.-Hil.) Kallunki & Pirani",1
"286","Connarus detersus Planch.",1
"287","Copaifera langsdorffii Desf.",34
"288","Copaifera lucens Dwyer",4
"289","Copaifera trapezifolia Hayne",4
"290","Cordia aberrans I.M.Johnst.",1
"291","Cordia ecalyculata Vell.",13
"292","Cordia magnoliifolia Cham.",7
"293","Cordia nodosa Lam.",10
"294","Cordia sellowiana Cham.",30
"295","Cordia silvestris Fresen.",9
"296","Cordia superba Cham.",11
"297","Cordia taguahyensis Vell.",16
"298","Cordia trachyphylla Mart.",6
"299","Cordia trichoclada DC.",13
"300","Cordia trichotoma (Vell.) Arráb. ex Steud.",22
"301","Cordiera concolor (Cham.) Kuntze",2
"302","Cordiera elliptica (Cham.) Kuntze",20
"303","Cordiera myrciifolia (K.Schum.) C.H.Perss. & Delprete",1
"304","Cordiera rigida (K.Schum.) Kuntze",2
"305","Cordiera sessilis (Vell.) Kuntze",7
"306","Cordiera stipulacea",9
"307","Cordiera vinosa (Cham.) Kuntze",5
"308","Couepia monteclarensis Prance",5
"309","Couepia rufa Ducke",4
"310","Couepia schottii Fritsch",1
"311","Couepia uiti (Mart. & Zucc.) Benth. ex Hook.f.",1
"312","Couepia venosa Prance",2
"313","Couratari macrosperma A.C.Sm.",10
"314","Couratari pyramidata (Vell.) Kunth",3
"315","Coussapoa curranii S.F.Blake",3
"316","Coussapoa microcarpa (Schott) Rizzini",14
"317","Coussarea contracta (Walp.) Müll.Arg.",7
"318","Coussarea graciliflora (Mart.) Müll.Arg.",2
"319","Coussarea hydrangeifolia (Benth.) Müll.Arg.",4
"320","Coussarea ilheotica Müll.Arg.",1
"321","Coussarea nodosa (Benth.) Müll.Arg.",1
"322","Coussarea verticillata Müll.Arg.",5
"323","Coutarea hexandra (Jacq.) K.Schum.",20
"324","Crateva tapia L.",3
"325","Crepidospermum atlanticum Daly",6
"326","Croton celtidifolius Baill.",6
"327","Croton echinocarpus Müll. Arg.",23
"328","Croton floribundus Spreng.",29
"329","Croton piptocalyx Müll.Arg.",9
"330","Croton salutaris Casar.",5
"331","Croton sincorensis Mart.",1
"332","Croton urucurana Baill.",29
"333","Cryptocarya citriformis (Vell.) P.L.R.Moraes",4
"334","Cryptocarya mandioccana Meisn.",23
"335","Cryptocarya micrantha Meisn.",5
"336","Cryptocarya moschata Nees & Mart.",5
"337","Cryptocarya saligna Mez",6
"338","Cupania emarginata Cambess.",21
"339","Cupania furfuracea Radlk.",2
"340","Cupania ludowigii Somner & Ferrucci",19
"341","Cupania oblongifolia Mart.",19
"342","Cupania platycarpa Radlk.",11
"343","Cupania racemosa (Vell.) Radlk.",17
"344","Cupania rugosa Radlk.",3
"345","Cupania tenuivalvis Radlk.",2
"346","Cupania vernalis Cambess.",33
"347","Cupania zanthoxyloides Radlk.",2
"348","Cyathea atrovirens (Langsd. & Fisch.) Domin",4
"349","Cyathea corcovadensis (Raddi) Domin",18
"350","Cyathea delgadii Sternb.",33
"351","Cyathea dichromatolepis (Fée) Domin",4
"352","Cyathea gardneri Hook.",5
"353","Cyathea leucofolis Domin",7
"354","Cyathea microdonta (Desv.) Domin",6
"355","Cyathea phalerata Mart.",28
"356","Cyathea poeppigii (Hook.) Domin",1
"357","Cyathea rufa (Fée) Lellinger",1
"358","Cyathea villosa Willd.",5
"359","Cybianthus peruvianus (A.DC.) Miq.",7
"360","Cybistax antisyphilitica (Mart.) Mart.",23
"361","Cyclolobium brasiliense Benth.",8
"362","Cymbopetalum brasiliense (Vell.) Benth. ex Baill.",9
"363","Cynophalla flexuosa (L.) J.Presl",1
"364","Dahlstedtia muehlbergiana (Hassl.) M.J.Silva & A.M.G. Azevedo",16
"365","Dalbergia brasiliensis Vogel",11
"366","Dalbergia foliolosa Benth.",23
"367","Dalbergia frutescens (Vell.) Britton",23
"368","Dalbergia nigra (Vell.) Allemão ex Benth.",41
"369","Dalbergia villosa (Benth.) Benth.",18
"370","Daphnopsis brasiliensis Mart.",1
"371","Daphnopsis coriacea Taub.",2
"372","Daphnopsis fasciculata (Meisn.) Nevling",9
"373","Daphnopsis racemosa Griseb.",3
"374","Daphnopsis utilis Warm.",1
"375","Dasyphyllum brasiliense (Spreng.) Cabrera",1
"376","Dasyphyllum spinescens (Less.) Cabrera",1
"377","Deguelia costata (Benth.) A.M.G.Azevedo & R.A.Camargo",24
"378","Deguelia hatschbachii A.M.G.Azevedo",8
"379","Dendropanax cuneatus (DC.) Decne. & Planch.",24
"380","Dialium guianense (Aubl.) Sandwith",13
"381","Dicksonia sellowiana Hook.",3
"382","Dictyoloma vandellianum A.Juss.",29
"383","Dilodendron bipinnatum Radlk.",1
"384","Dimorphandra exaltata Schott",7
"385","Dimorphandra jorgei M.F.Silva",1
"386","Diospyros apeibacarpos Raddi",2
"387","Diospyros hispida A.DC.",9
"388","Diospyros inconstans Jacq.",10
"389","Diospyros ketun B.Walln.",5
"390","Diospyros sericea A.DC.",2
"391","Diplotropis ferruginea Benth.",8
"392","Diplotropis incexis Rizzini & A.Mattos",1
"393","Dodonaea viscosa Jacq.",1
"394","Drimys brasiliensis Miers",4
"395","Duguetia chrysocarpa Maas",8
"396","Duguetia lanceolata A.St.-Hil.",13
"397","Duroia saccifera (Schult. & Schult.f.) K.Schum.",7
"398","Ecclinusa ramiflora Mart.",5
"399","Emmotum affine Miers",1
"400","Emmotum nitens (Benth.) Miers",2
"401","Endlicheria glomerata Mez",25
"402","Endlicheria paniculata (Spreng.) J.F.Macbr.",27
"403","Enterolobium contortisiliquum (Vell.) Morong",12
"404","Enterolobium monjollo (Vell.) Mart.",10
"405","Eremanthus capitatus (Spreng.) MacLeish",1
"406","Eremanthus crotonoides (DC.) Sch.Bip.",6
"407","Eremanthus erythropappus (DC.) MacLeish",11
"408","Eremanthus glomerulatus Less.",2
"409","Eremanthus incanus (Less.) Less.",15
"410","Eriotheca candolleana (K.Schum.) A.Robyns",27
"411","Eriotheca macrophylla (K.Schum.) A.Robyns",22
"412","Erythrina cristagalli L.",4
"413","Erythrina falcata Benth.",11
"414","Erythrina fusca Lour.",5
"415","Erythrina speciosa Andrews",5
"416","Erythrina verna Vell.",18
"417","Erythrochiton brasiliensis Nees & Mart.",8
"418","Erythroxylum citrifolium A.St.-Hil.",29
"419","Erythroxylum cuneifolium (Mart.) O.E.Schulz",1
"420","Erythroxylum cuspidifolium Mart.",1
"421","Erythroxylum daphnites Mart.",1
"422","Erythroxylum deciduum A.St.-Hil.",4
"423","Erythroxylum pelleterianum A.St.-Hil.",27
"424","Erythroxylum pulchrum A.St.-Hil.",22
"425","Erythroxylum squamatum Sw.",1
"426","Erythroxylum subrotundum A.St.-Hil.",5
"427","Erythroxylum vacciniifolium Mart.",3
"428","Eschweilera ovata (Cambess.) Mart. ex Miers",8
"429","Esenbeckia febrifuga (A.St.-Hil.) A. Juss. ex Mart.",17
"430","Esenbeckia grandiflora Mart.",18
"431","Esenbeckia leiocarpa Engl.",7
"432","Eugenia acutata Miq.",23
"433","Eugenia adenantha O.Berg",4
"434","Eugenia bahiensis DC.",2
"435","Eugenia batingabranca Sobral",2
"436","Eugenia beaurepairiana (Kiaersk.) D.Legrand",6
"437","Eugenia brasiliensis Lam.",15
"438","Eugenia brevistyla D.Legrand",5
"439","Eugenia candolleana DC.",3
"440","Eugenia cerasiflora Miq.",17
"441","Eugenia copacabanensis Kiaersk.",1
"442","Eugenia cuprea (O.Berg) Nied.",8
"443","Eugenia dodonaeifolia Cambess.",12
"444","Eugenia egensis DC.",1
"445","Eugenia excelsa O.Berg",6
"446","Eugenia flavescens DC.",3
"447","Eugenia florida DC.",40
"448","Eugenia francavilleana O.Berg",3
"449","Eugenia fusca O.Berg",9
"450","Eugenia gracillima Kiaersk.",2
"451","Eugenia hiemalis Cambess.",3
"452","Eugenia involucrata DC.",13
"453","Eugenia lambertiana DC.",8
"454","Eugenia leitonii",1
"455","Eugenia leptoclada O.Berg",4
"456","Eugenia ligustrina (Sw.) Willd.",4
"457","Eugenia longipedunculata Nied.",1
"458","Eugenia luschnathiana (O.Berg) Klotzsch ex B.D.Jacks.",1
"459","Eugenia macrosperma DC.",2
"460","Eugenia magnifica Spring ex Mart.",1
"461","Eugenia monosperma Vell.",7
"462","Eugenia neoglomerata Sobral",6
"463","Eugenia neoverrucosa Sobral",1
"464","Eugenia nutans O.Berg",10
"465","Eugenia pisiformis Cambess.",15
"466","Eugenia platyphylla O.Berg",4
"467","Eugenia prasina O.Berg",18
"468","Eugenia punicifolia (Kunth) DC.",18
"469","Eugenia pyriformis Cambess.",1
"470","Eugenia repanda O.Berg",1
"471","Eugenia rostrata O.Berg",1
"472","Eugenia sonderiana O.Berg",9
"473","Eugenia speciosa Cambess.",5
"474","Eugenia subterminalis DC.",5
"475","Eugenia sulcata Spring ex Mart.",1
"476","Eugenia umbellata Spreng.",3
"477","Eugenia umbrosa O.Berg",4
"478","Eugenia uniflora L.",5
"479","Eugenia vattimoana Mattos",2
"480","Eugenia vernicosa O.Berg",4
"481","Eugenia widgrenii Sond. ex O.Berg",1
"482","Euplassa incana (Klotzsch) I.M.Johnst.",3
"483","Euplassa legalis (Vell.) I.M.Johnst.",13
"484","Euplassa organensis (Gardner) I.M.Johnst.",1
"485","Euterpe edulis Mart.",25
"486","Exostyles venusta Schott",1
"487","Faramea atlantica J.G.Jardim & Zappi",11
"488","Faramea coerulea (Nees & Mart.) DC.",1
"489","Faramea hyacinthina Mart.",13
"490","Faramea latifolia (Cham. & Schltdl.) DC.",2
"491","Faramea martiana Müll.Arg.",3
"492","Faramea stipulacea (Cham. & Schltdl.) DC.",1
"493","Ferdinandusa speciosa (Pohl) Pohl",6
"494","Ficus adhatodifolia Schott in Spreng.",25
"495","Ficus americana Aubl.",4
"496","Ficus bahiensis C.C.Berg & Carauta",2
"497","Ficus calyptroceras (Miq.) Miq.",1
"498","Ficus castellviana Dugand",7
"499","Ficus cestrifolia Schott ex Spreng.",6
"500","Ficus citrifolia Mill.",8
"501","Ficus enormis Mart. ex Miq.",18
"502","Ficus eximia Schott",17
"503","Ficus gomelleira Kunth",28
"504","Ficus hirsuta Schott",1
"505","Ficus luschnathiana (Miq.) Miq.",4
"506","Ficus mariae C.C.Berg, Emygdio & Carauta",5
"507","Ficus obtusifolia Kunth",2
"508","Ficus obtusiuscula (Miq.) Miq.",13
"509","Ficus pertusa L.f.",22
"510","Ficus pulchella Schott",7
"511","Ficus trigona L.f.",8
"512","Ficus trigonata L.",7
"513","Galipea jasminiflora (A.St.-Hil.) Engl.",23
"514","Galipea laxiflora Engl.",1
"515","Gallesia integrifolia (Spreng.) Harms",25
"516","Garcinia gardneriana (Planch. & Triana) Zappi",24
"517","Garcinia macrophylla Mart.",1
"518","Gaultheria eriophylla (Pers.) Sleumer ex Burtt",2
"519","Gaylussacia brasiliensis (Spreng.) Meisn.",3
"520","Gaylussacia montana (Pohl) Sleumer",3
"521","Gaylussacia pseudogaultheria Cham. & Schltdl.",1
"522","Gaylussacia salicifolia Sleumer",4
"523","Geissospermum laeve (Vell.) Miers",4
"524","Genipa americana L.",16
"525","Genipa infundibuliformis Zappi & Semir",9
"526","Geonoma brevispatha Barb.Rodr.",1
"527","Geonoma pohliana Mart.",7
"528","Geonoma schottiana Mart.",28
"529","Glycydendron espiritosantense Kuhlm.",1
"530","Goniorrhachis marginata Taub.",11
"531","Griselinia ruscifolia (Clos) Taub.",1
"532","Guadua paniculata Munro",13
"533","Guadua tagoara (Nees) Kunth",3
"534","Guapira areolata (Heimerl) Lundell",7
"535","Guapira graciliflora (Mart. ex Schmidt) Lundell",25
"536","Guapira hirsuta (Choisy) Lundell",31
"537","Guapira obtusata (Jacq.) Little",2
"538","Guapira opposita (Vell.) Reitz",46
"539","Guapira pernambucensis (Casar.) Lundell",2
"540","Guapira tomentosa (Casar.) Lundell",4
"541","Guapira venosa (Choisy) Lundell",1
"542","Guarea blanchetii C.DC.",2
"543","Guarea guidonia (L.) Sleumer",24
"544","Guarea kunthiana A.Juss.",29
"545","Guarea macrophylla Vahl",37
"546","Guatteria australis A.St.-Hil.",30
"547","Guatteria campestris R.E.Fr.",15
"548","Guatteria candolleana Schltdl.",2
"549","Guatteria ferruginea A.St.-Hil.",2
"550","Guatteria macropus Mart.",15
"551","Guatteria pogonopus Mart.",16
"552","Guatteria pohliana Schltdl.",2
"553","Guatteria sellowiana Schltdl.",19
"554","Guatteria villosissima A.St.-Hil.",34
"555","Guazuma crinita Mart.",3
"556","Guazuma ulmifolia Lam.",9
"557","Guettarda pohliana Müll.Arg.",1
"558","Guettarda uruguensis Cham. & Schltdl.",2
"559","Guettarda viburnoides Cham. & Schltdl.",29
"560","Gymnanthes klotzschiana Müll.Arg.",14
"561","Gymnanthes schottiana Müll.Arg.",3
"562","Hamelia patens Jacq.",5
"563","Handroanthus albus (Cham.) Mattos",3
"564","Handroanthus bureavii (Sandwith) S.Grose",3
"565","Handroanthus chrysotrichus (Mart. ex DC.) Mattos",29
"566","Handroanthus heptaphyllus (Vell.) Mattos",6
"567","Handroanthus impetiginosus (Mart. ex DC.) Mattos",2
"568","Handroanthus ochraceus (Cham.) Mattos",5
"569","Handroanthus riodocensis (A.H.Gentry) S.Grose",9
"570","Handroanthus serratifolius (Vahl) S.Grose",34
"571","Handroanthus umbellatus (Sond.) Mattos",6
"572","Handroanthus vellosoi (Toledo) Mattos",15
"573","Hedyosmum brasiliense Mart. ex Miq.",8
"574","Heisteria perianthomega (Vell.) Sleumer",2
"575","Heisteria silvianii Schwacke",21
"576","Helicostylis tomentosa (Poepp. & Endl.) Rusby",15
"577","Helicteres brevispira A.St.-Hil.",8
"578","Helicteres ovata Lam.",9
"579","Henriettea succosa (Aubl.) DC.",1
"580","Heteropterys byrsonimifolia A.Juss.",5
"581","Hillia parasitica Jacq.",4
"582","Himatanthus bracteatus (A. DC.) Woodson",39
"583","Hirtella glandulosa Spreng.",10
"584","Hirtella gracilipes (Hook.f.) Prance",7
"585","Hirtella hebeclada Moric. ex DC.",28
"586","Hirtella insignis Briq. ex Prance",2
"587","Hirtella martiana Hook.f.",10
"588","Hirtella triandra Sw.",9
"589","Hololepis pedunculata (DC. ex Pers.) DC.",4
"590","Hortia brasiliana Vand. ex DC.",19
"591","Huberia laurina DC.",7
"592","Huberia ovalifolia DC.",2
"593","Humiria balsamifera (Aubl.) J.St.-Hil.",2
"594","Humiriastrum dentatum (Casar.) Cuatrec.",3
"595","Humiriastrum glaziovii (Urb.) Cuatrec.",2
"596","Hydrogaster trinervis Kuhlm.",2
"597","Hyeronima alchorneoides Allemão",27
"598","Hyeronima oblonga (Tul.) Müll.Arg.",4
"599","Hymenaea courbaril L.",26
"600","Hymenaea rubriflora Ducke",1
"601","Hymenolobium janeirense Kuhlm.",26
"602","Hyptidendron asperrimum (Spreng.) Harley",13
"603","Ilex affinis Gardner",8
"604","Ilex brasiliensis (Spreng.) Loes.",2
"605","Ilex cerasifolia Reissek",21
"606","Ilex conocarpa Reissek",2
"607","Ilex dumosa Reissek",6
"608","Ilex floribunda Reissek ex Maxim.",1
"609","Ilex lundii Warm.",3
"610","Ilex paraguariensis A.St.-Hil.",2
"611","Ilex pseudobuxus Reissek",3
"612","Ilex pseudovaccinium Reissek ex Maxim.",1
"613","Ilex sapotifolia Reissek",2
"614","Ilex taubertiana Loes.",1
"615","Ilex theezans Mart. ex Reissek",16
"616","Inga barbata Benth.",1
"617","Inga bullata Benth.",1
"618","Inga capitata Desv.",25
"619","Inga congesta T.D.Penn.",1
"620","Inga cordistipula Mart.",1
"621","Inga cylindrica (Vell.) Mart.",26
"622","Inga edulis Mart.",11
"623","Inga flagelliformis (Vell.) Mart.",20
"624","Inga hispida Schott ex Benth.",3
"625","Inga ingoides (Rich.) Willd.",15
"626","Inga lanceifolia Benth.",1
"627","Inga laurina (Sw.) Willd.",9
"628","Inga leptantha Benth.",7
"629","Inga marginata Willd.",28
"630","Inga platyptera Benth.",7
"631","Inga schinifolia Benth.",1
"632","Inga sellowiana Benth.",2
"633","Inga sessilis (Vell.) Mart.",11
"634","Inga striata Benth.",27
"635","Inga subnuda Salzm. ex Benth.",8
"636","Inga thibaudiana DC.",14
"637","Inga tripa",1
"638","Inga vera Willd.",22
"639","Inga vulpina Mart. ex Benth.",10
"640","Ixora brevifolia Benth.",17
"641","Ixora gardneriana Benth.",2
"642","Ixora venulosa Benth.",21
"643","Jacaranda caroba (Vell.) DC.",1
"644","Jacaranda macrantha Cham.",25
"645","Jacaranda obovata Cham.",2
"646","Jacaranda puberula Cham.",30
"647","Jacaratia heptaphylla (Vell.) A.DC.",20
"648","Jacaratia spinosa (Aubl.) A.DC.",5
"649","Joannesia princeps Vell.",26
"650","Kielmeyera altissima Saddi",5
"651","Kielmeyera excelsa Cambess.",4
"652","Kielmeyera lathrophyton Saddi",12
"653","Kielmeyera membranacea Casar.",2
"654","Kielmeyera petiolaris Mart. & Zucc.",4
"655","Lacistema hasslerianum Chodat",1
"656","Lacistema pubescens Mart.",31
"657","Lacistema robustum Schnizl.",20
"658","Lacmellea pauciflora (Kuhlm.) Markgr.",3
"659","Ladenbergia hexandra (Pohl) Klotzsch",2
"660","Lafoensia glyptocarpa Koehne",4
"661","Lafoensia pacari A.St.-Hil.",9
"662","Lamanonia grandistipularis (Taub.) Taub.",3
"663","Lamanonia ternata Vell.",18
"664","Laplacea fructicosa (Schrad.) Kobuski",15
"665","Leandra aurea (Cham.) Cogn.",7
"666","Leandra carassana (DC.) Cogn.",4
"667","Leandra fallax (Cham.) Cogn.",1
"668","Leandra fragilis Cogn.",1
"669","Leandra melastomoides Raddi",13
"670","Leandra quinquedentata (DC.) Cogn.",4
"671","Leandra regnellii (Triana) Cogn.",1
"672","Leandra variabilis Raddi",1
"673","Lecythis lanceolata Poir.",11
"674","Lecythis lurida (Miers) S.A.Mori",19
"675","Lecythis pisonis Cambess.",28
"676","Leptolobium dasycarpum Vogel",1
"677","Leucochloron incuriale (Vell.) Barneby & J.W.Grimes",1
"678","Licania apetala (E.Mey.) Fritsch",2
"679","Licania belemii Prance",1
"680","Licania hoehnei Pilg.",24
"681","Licania kunthiana Hook.f.",23
"682","Licania nitida Hook.f.",1
"683","Licania octandra (Hoffmanns. ex Roem. & Schult.) Kuntze",17
"684","Licania riedelii Prance",8
"685","Licania salzmannii (Hook.f.) Fritsch",1
"686","Licania spicata Hook.f.",12
"687","Licania tomentosa (Benth.) Fritsch",2
"688","Licaria armeniaca (Nees) Kosterm.",1
"689","Licaria bahiana Kurz",1
"690","Licaria guianensis Aubl.",15
"691","Lithrea molleoides (Vell.) Engl.",11
"692","Lonchocarpus cultratus (Vell.) A.M.G.Azevedo & H.C.Lima",26
"693","Lonchocarpus sericeus (Poir.) Kunth ex DC.",5
"694","Ludwigia elegans (Cambess.) H.Hara",5
"695","Luehea candicans Mart. & Zucc.",18
"696","Luehea divaricata Mart. & Zucc.",29
"697","Luehea grandiflora Mart. & Zucc.",27
"698","Mabea fistulifera Mart.",37
"699","Mabea glaziovii Pax & K.Hoffm.",1
"700","Mabea piriri Aubl.",8
"701","Machaerium acutifolium Vogel",3
"702","Machaerium brasiliense Vogel",40
"703","Machaerium cantarellianum Hoehne",6
"704","Machaerium floridum (Mart. ex Benth.) Ducke",3
"705","Machaerium fulvovenosum H.C.Lima",6
"706","Machaerium hirtum (Vell.) Stellfeld",23
"707","Machaerium incorruptibile (Vell.) Benth.",10
"708","Machaerium lanceolatum (Vell.) J.F.Macbr.",6
"709","Machaerium leucopterum Vogel",2
"710","Machaerium nyctitans (Vell.) Benth.",26
"711","Machaerium ovalifolium Glaz. ex Rudd",2
"712","Machaerium pedicellatum Vogel",11
"713","Machaerium ruddianum C.V.Mendonça & A.M.G.Azevedo",7
"714","Machaerium scleroxylon Tul.",6
"715","Machaerium stipitatum Vogel",27
"716","Machaerium villosum Vogel",10
"717","Maclura tinctoria (L.) D.Don ex Steud.",19
"718","Macrolobium latifolium Vogel",2
"719","Macropeplus ligustrinus (Tul.) Perkins",3
"720","Macropeplus schwackeanus (Perkins) I.Santos & Peixoto",3
"721","Macrothumia kuhlmannii (Sleumer) M.H.Alford",14
"722","Macrotorus utriculatus (Mart.) Perkins",2
"723","Magnolia ovata (A.St.-Hil.) Spreng.",7
"724","Malouetia cestroides (Nees ex Mart.) Müll.Arg.",7
"725","Manihot caerulescens Pohl",2
"726","Manihot grahamii Hook.",4
"727","Manihot pilosa Pohl",6
"728","Manilkara salzmannii (A.DC.) H.J.Lam",1
"729","Manilkara subsericea (Mart.) Dubard",5
"730","Maprounea brasiliensis A.St.-Hil.",1
"731","Maprounea guianensis Aubl.",24
"732","Margaritaria nobilis L.f.",15
"733","Margaritopsis astrellantha (Wernham) L.Andersson",1
"734","Marlierea clausseniana (O.Berg) Kiaersk.",21
"735","Marlierea excoriata Mart.",25
"736","Marlierea gardneriana (O.Berg) Nied.",1
"737","Marlierea laevigata (DC.) Kiaersk.",7
"738","Marlierea obscura O.Berg",3
"739","Marlierea obversa D.Legrand",2
"740","Marlierea racemosa (Vell.) Kiaersk.",9
"741","Marlierea regeliana O.Berg",5
"742","Marlierea silvatica (O.Berg) Kiaersk.",2
"743","Marlierea suaveolens Cambess.",1
"744","Marlierea sucrei G.M.Barroso & Peixoto",2
"745","Marlierea tomentosa Cambess.",5
"746","Matayba elaeagnoides Radlk.",2
"747","Matayba guianensis Aubl.",25
"748","Matayba juglandifolia (Cambess.) Radlk.",10
"749","Matayba marginata Radlk.",7
"750","Matayba mollis Radlk.",11
"751","Maytenus aquifolia Mart.",7
"752","Maytenus brasiliensis Mart.",2
"753","Maytenus communis Reissek",8
"754","Maytenus distichophylla Mart. ex Reissek",3
"755","Maytenus evonymoides Reissek",12
"756","Maytenus floribunda Reissek",7
"757","Maytenus gonoclada Mart.",35
"758","Maytenus patens Reissek",2
"759","Maytenus schumanniana Loes.",3
"760","Melanopsidium nigrum Colla",1
"761","Melanoxylon brauna Schott",41
"762","Melicoccus oliviformis Kunth",7
"763","Meliosma itatiaiae Urb.",1
"764","Meliosma sellowii Urb.",4
"765","Meriania claussenii (Naudin) Triana",1
"766","Metrodorea nigra A.St.-Hil.",8
"767","Metrodorea stipularis Mart.",1
"768","Miconia affinis DC.",1
"769","Miconia albicans (Sw.) Triana",2
"770","Miconia brunnea DC.",5
"771","Miconia budlejoides Triana",16
"772","Miconia cabucu Hoehne",1
"773","Miconia calvescens DC.",23
"774","Miconia caudigera DC.",1
"775","Miconia chamissois Naudin",5
"776","Miconia chartacea Triana",7
"777","Miconia cinerascens Miq.",2
"778","Miconia cinnamomifolia (DC.) Naudin",34
"779","Miconia corallina Spring",2
"780","Miconia cubatanensis Hoehne",8
"781","Miconia discolor DC.",3
"782","Miconia dodecandra Cogn.",2
"783","Miconia fasciculata Gardner",16
"784","Miconia holosericea (L.) DC.",11
"785","Miconia hyemalis A.St.-Hil. & Naudin",1
"786","Miconia latecrenata (DC.) Naudin",35
"787","Miconia lepidota DC.",8
"788","Miconia ligustroides (DC.) Naudin",12
"789","Miconia mendoncae Cogn.",1
"790","Miconia minutiflora (Bonpl.) DC.",6
"791","Miconia mirabilis (Aubl.) L.O.Williams",2
"792","Miconia pepericarpa DC.",9
"793","Miconia prasina (Sw.) DC.",22
"794","Miconia pusilliflora (DC.) Naudin",5
"795","Miconia rimalis Naudin",5
"796","Miconia sellowiana Naudin",11
"797","Miconia serrulata (DC.) Naudin",3
"798","Miconia splendens (Sw.) Griseb.",2
"799","Miconia theaezans Cogn.",8
"800","Miconia tomentosa (Rich.) D.Don",1
"801","Miconia trianae Cogn.",6
"802","Miconia tristis Spring",3
"803","Miconia urophylla DC.",5
"804","Miconia valtheri Naudin",8
"805","Miconia willdenowii Klotzsch ex Naudin",2
"806","Micrandra elata (Didr.) Müll.Arg.",1
"807","Micropholis crassipedicellata (Mart. & Eichler) Pierre",2
"808","Micropholis gardneriana (A.DC.) Pierre",27
"809","Micropholis guyanensis (A.DC.) Pierre",1
"810","Micropholis venulosa (Mart. & Eichler) Pierre",5
"811","Mimosa artemisiana Heringer & Paula",5
"812","Mimosa bimucronata (DC.) Kuntze",1
"813","Mimosa tenuiflora (Willd.) Poir.",1
"814","Moldenhawera floribunda Schrad.",3
"815","Mollinedia argyrogyna Perkins",12
"816","Mollinedia fruticulosa Perkins",1
"817","Mollinedia glabra (Spreng.) Perkins",4
"818","Mollinedia heteranthera Perkins",1
"819","Mollinedia lamprophylla Perkins",2
"820","Mollinedia longifolia Perkins",2
"821","Mollinedia marqueteana Peixoto",2
"822","Mollinedia micrantha Perkins",13
"823","Mollinedia oligantha Perkins",3
"824","Mollinedia ovata Ruiz & Pav.",1
"825","Mollinedia schottiana (Spreng.) Perkins",15
"826","Mollinedia widgrenii A.DC.",8
"827","Molopanthera paniculata Turcz.",11
"828","Moquinia racemosa (Spreng.) DC.",1
"829","Moquiniastrum blanchetianum (DC.) G. Sancho",1
"830","Moquiniastrum paniculatum (Less.) G. Sancho",2
"831","Moquiniastrum polymorphum (Less.) G. Sancho",9
"832","Mouriri arborea Gardner",2
"833","Mouriri chamissoana Cogn.",2
"834","Mouriri glazioviana Cogn.",16
"835","Mouriri guianensis Aubl.",1
"836","Muellera campestris (Mart. ex Benth.) M.J. Silva & A.M.G. Azevedo",7
"837","Muellera virgilioides (Vogel) M.J. Silva & A.M.G. Azevedo",2
"838","Myracrodruon urundeuva Allemão",2
"839","Myrceugenia acutiflora (Kiaersk.) D.Legrand & Kausel",1
"840","Myrceugenia alpigena (DC.) Landrum",6
"841","Myrceugenia miersiana (Gardner) D.Legrand & Kausel",4
"842","Myrceugenia myrcioides (Cambess.) O.Berg",3
"843","Myrceugenia ovalifolia (O.Berg) Landrum",1
"844","Myrceugenia oxysepala (Burret) D.Legrand & Kausel",2
"845","Myrceugenia pilotantha (Kiaersk.) Landrum",1
"846","Myrcia aethusa (O.Berg) N.Silveira",2
"847","Myrcia amazonica DC.",31
"848","Myrcia anceps (Spreng.) O.Berg",9
"849","Myrcia bergiana O.Berg",1
"850","Myrcia brasiliensis Kiaersk.",1
"851","Myrcia cordiifolia DC.",5
"852","Myrcia crocea Kiaersk.",14
"853","Myrcia eriocalyx DC.",6
"854","Myrcia eriopus DC.",12
"855","Myrcia eumecephylla (O.Berg) Nied.",3
"856","Myrcia fenzliana O.Berg",7
"857","Myrcia follii G.M.Barroso & Peixoto",5
"858","Myrcia guianensis (Aubl.) DC.",21
"859","Myrcia hartwegiana (O.Berg) Kiaersk.",3
"860","Myrcia hebepetala DC.",29
"861","Myrcia isaiana G.M.Barroso & Peixoto",1
"862","Myrcia laruotteana Cambess.",15
"863","Myrcia lineata (O.Berg) Nied.",2
"864","Myrcia mischophylla Kiaersk.",10
"865","Myrcia multiflora (Lam.) DC.",27
"866","Myrcia mutabilis (O.Berg) N.Silveira",6
"867","Myrcia obovata (O.Berg) Nied.",9
"868","Myrcia pubescens DC.",1
"869","Myrcia pubiflora DC.",6
"870","Myrcia pulchra (O.Berg) Kiaersk.",16
"871","Myrcia racemosa (O.Berg) Kiaersk.",1
"872","Myrcia retorta Cambess.",5
"873","Myrcia spectabilis DC.",7
"874","Myrcia splendens (Sw.) DC.",45
"875","Myrcia subverticillaris (O.Berg) Kiaersk.",1
"876","Myrcia tenuivenosa Kiaersk.",1
"877","Myrcia tomentosa (Aubl.) DC.",28
"878","Myrcia venulosa DC.",7
"879","Myrcianthes pungens (O.Berg) D.Legrand",2
"880","Myrciaria cuspidata O.Berg",3
"881","Myrciaria delicatula (DC.) O.Berg",1
"882","Myrciaria disticha O.Berg",11
"883","Myrciaria floribunda (H.West ex Willd.) O.Berg",36
"884","Myrciaria glanduliflora (Kiaersk.) Mattos & D.Legrand",6
"885","Myrciaria glomerata O.Berg",12
"886","Myrciaria strigipes O.Berg",1
"887","Myrciaria tenella (DC.) O.Berg",11
"888","Myrocarpus fastigiatus Allemão",3
"889","Myrocarpus frondosus Allemão",9
"890","Myroxylon peruiferum L.f.",7
"891","Myrsine coriacea (Sw.) R.Br. ex Roem. & Schult.",20
"892","Myrsine emarginella Miq.",2
"893","Myrsine gardneriana A.DC.",12
"894","Myrsine guianensis (Aubl.) Kuntze",1
"895","Myrsine lancifolia Mart.",3
"896","Myrsine lineata (Mez) Imkhan.",1
"897","Myrsine parvula (Mez) Otegui",1
"898","Myrsine squarrosa (Mez) M.F.Freitas & Kin.-Gouv.",2
"899","Myrsine umbellata Mart.",31
"900","Myrsine venosa A.DC.",11
"901","Myrsine villosissima Mart.",2
"902","Naucleopsis oblongifolia (Kuhlm.) Carauta",15
"903","Nectandra cissiflora Nees",8
"904","Nectandra grandiflora Nees",8
"905","Nectandra lanceolata Nees",22
"906","Nectandra leucantha Nees",3
"907","Nectandra megapotamica (Spreng.) Mez",12
"908","Nectandra membranacea (Sw.) Griseb.",13
"909","Nectandra nitidula Nees",8
"910","Nectandra oppositifolia Nees",36
"911","Nectandra psammophila Nees",1
"912","Nectandra puberula (Schott) Nees",4
"913","Nectandra reticulata (Ruiz & Pav.) Mez",13
"914","Neea floribunda Poepp. & Endl.",3
"915","Neea verticillata Ruiz & Pav.",1
"916","Neomitranthes obscura (DC.) N.Silveira",1
"917","Neomitranthes sctictophylla (G.M.Barroso & Peixoto) M.Souza",1
"918","Neoraputia alba (Nees & Mart.) Emmerich ex Kallunki",16
"919","Neoraputia magnifica (Engl.) Emmerich ex Kallunki",1
"920","Ocotea aciphylla (Nees & Mart.) Mez",15
"921","Ocotea aniboides (Meisn.) Mez",2
"922","Ocotea bicolor Vattimo-Gil",2
"923","Ocotea brachybotrya (Meisn.) Mez",19
"924","Ocotea complicata (Meisn.) Mez",5
"925","Ocotea confertiflora (Meisn.) Mez",1
"926","Ocotea corymbosa (Meisn.) Mez",20
"927","Ocotea daphnifolia (Meisn.) Mez",1
"928","Ocotea diospyrifolia (Meisn.) Mez",18
"929","Ocotea dispersa (Nees & Mart.) Mez",24
"930","Ocotea divaricata (Nees) Mez",32
"931","Ocotea glaziovii Mez",13
"932","Ocotea glomerata (Nees) Mez",4
"933","Ocotea indecora (Schott) Mez",22
"934","Ocotea insignis Mez",1
"935","Ocotea lanata (Nees & Mart.) Mez",1
"936","Ocotea lancifolia (Schott) Mez",8
"937","Ocotea laxa (Nees) Mez",21
"938","Ocotea longifolia Kunth",6
"939","Ocotea mandioccana A.Quinet",2
"940","Ocotea minarum (Nees & Mart.) Mez",10
"941","Ocotea nitida (Meisn.) Rohwer",8
"942","Ocotea notata (Nees & Mart.) Mez",7
"943","Ocotea nutans (Nees) Mez",7
"944","Ocotea odorifera (Vell.) Rohwer",36
"945","Ocotea percoriacea Kosterm.",5
"946","Ocotea pomaderroides (Meisn.) Mez",7
"947","Ocotea puberula (Rich.) Nees",20
"948","Ocotea pulchella (Nees & Mart.) Mez",5
"949","Ocotea silvestris Vattimo-Gil",8
"950","Ocotea spectabilis (Meisn.) Mez",1
"951","Ocotea spixiana (Nees) Mez",6
"952","Ocotea tabacifolia (Meisn.) Rohwer",1
"953","Ocotea tenuiflora (Nees) Mez",8
"954","Ocotea tristis (Nees & Mart.) Mez",3
"955","Ocotea velloziana (Meisn.) Mez",8
"956","Ocotea velutina (Nees) Rohwer",14
"957","Ocotea villosa Kosterm.",2
"958","Ocotea virgultosa (Nees) Mart.",2
"959","Opuntia monacantha Haw.",1
"960","Oreopanax capitatus (Jacq.) Decne. & Planch.",1
"961","Ormosia arborea (Vell.) Harms",15
"962","Ormosia fastigiata Tul.",2
"963","Ormosia nitida Vogel",1
"964","Ossaea angustifolia (DC.) Triana",1
"965","Ossaea marginata (Desr.) Triana",1
"966","Ouratea castaneifolia (DC.) Engl.",11
"967","Ouratea floribunda (A.St.-Hil.) Engl.",1
"968","Ouratea hexasperma (A.St.-Hil.) Baill.",5
"969","Ouratea parviflora (A.DC.) Baill.",6
"970","Ouratea polygyna Engl.",15
"971","Ouratea salicifolia (A.St.-Hil. & Tul.) Engl.",12
"972","Ouratea semiserrata (Mart. & Nees) Engl.",21
"973","Ouratea vaccinioides (A.St.-Hil. & Tul.) Engl.",1
"974","Oxandra martiana (Schltdl.) R.E.Fr.",12
"975","Oxandra nitida R.E.Fr.",3
"976","Pachira endecaphylla (Vell.) Carv.-Sobr.",5
"977","Pachira glabra Pasq.",3
"978","Pachystroma longifolium (Nees) I.M.Johnst.",12
"979","Palicourea blanchetiana Schltdl.",2
"980","Palicourea crocea (Sw.) Roem. & Schult.",1
"981","Panopsis multiflora (Schott) Ducke",3
"982","Paradrypetes ilicifolia Kuhlm.",10
"983","Parapiptadenia pterosperma (Benth.) Brenan",14
"984","Paratecoma peroba (Record) Kuhlm.",9
"985","Parinari excelsa Sabine",3
"986","Parkia pendula (Willd.) Benth. ex Walp.",1
"987","Pausandra morisiana (Casar.) Radlk.",5
"988","Pavonia malacophylla (Link & Otto) Garcke",2
"989","Peltogyne angustiflora Ducke",3
"990","Peltogyne discolor Vogel",2
"991","Peltogyne pauciflora Benth.",1
"992","Peltophorum dubium (Spreng.) Taub.",26
"993","Pera anisotricha Müll. Arg.",10
"994","Pera glabrata (Schott) Poepp. ex Baill.",38
"995","Pera heteranthera (Schrank) I.M.Johnst.",20
"996","Pereskia aculeata Mill.",8
"997","Pereskia grandifolia Haw.",8
"998","Peritassa flaviflora A.C.Sm.",5
"999","Persea alba Nees & Mart.",5
"1000","Persea fulva L.E.Kopp",11
"1001","Persea major (Meisn.) L.E.Kopp",3
"1002","Persea rufotomentosa Nees & Mart.",8
"1003","Persea venosa Nees & Mart.",18
"1004","Persea willdenovii Kosterm.",10
"1005","Phyllanthus acuminatus Vahl",2
"1006","Phyllanthus juglandifolius Willd.",3
"1007","Phyllostemonodaphne geminiflora (Mez) Kosterm.",9
"1008","Phytolacca dioica L.",2
"1009","Picramnia ciliata Mart.",4
"1010","Picramnia gardneri Planch.",3
"1011","Picramnia glazioviana Engl.",19
"1012","Picramnia parvifolia Engl.",10
"1013","Picramnia ramiflora Planch.",9
"1014","Picramnia sellowii Planch.",4
"1015","Picrasma crenata (Vell.) Engl.",4
"1016","Pilocarpus giganteus Engl.",21
"1017","Pilocarpus grandiflorus Engl.",1
"1018","Pilocarpus riedelianus Engl.",4
"1019","Pilocarpus spicatus A.St.-Hil.",2
"1020","Pimenta pseudocaryophyllus (Gomes) Landrum",22
"1021","Piper aduncum L.",22
"1022","Piper amalago L.",18
"1023","Piper arboreum Aubl.",35
"1024","Piper cernuum Vell.",22
"1025","Piper hispidum Sw.",4
"1026","Piper macedoi Yunck.",2
"1027","Piper mollicomum Kunth",17
"1028","Piper richardiifolium Kunth",2
"1029","Piper tectoniifolium Kunth",1
"1030","Piper tuberculatum Jacq.",4
"1031","Piptadenia gonoacantha (Mart.) J.F.Macbr.",39
"1032","Piptadenia paniculata Benth.",5
"1033","Piptocarpha axillaris (Less.) Baker",2
"1034","Piptocarpha macropoda (DC.) Baker",31
"1035","Pisonia zapallo Griseb.",12
"1036","Plathymenia reticulata Benth.",30
"1037","Platycyamus regnellii Benth.",19
"1038","Platymiscium floribundum Vogel",19
"1039","Platymiscium pubescens Micheli",19
"1040","Platypodium elegans Vogel",31
"1041","Plenckia populnea Reissek",2
"1042","Plinia cauliflora (Mart.) Kausel",12
"1043","Plinia peruviana (Poir.) Govaerts",3
"1044","Plinia rivularis (Cambess.) Rotman",3
"1045","Podocarpus sellowii Klotzsch ex Endl.",5
"1046","Poecilanthe falcata (Vell.) Heringer",1
"1047","Poeppigia procera C.Presl",2
"1048","Pogonophora schomburgkiana Miers ex Benth.",23
"1049","Poincianella pluviosa (DC.) L.P.Queiroz",1
"1050","Posoqueria acutifolia Mart.",1
"1051","Posoqueria latifolia (Rudge) Schult.",24
"1052","Posoqueria longiflora Aubl.",1
"1053","Pourouma guianensis Aubl.",28
"1054","Pourouma velutina Mart. ex Miq.",3
"1055","Pouteria bangii (Rusby) T.D.Penn.",5
"1056","Pouteria bapeba T.D.Penn.",1
"1057","Pouteria bullata (S.Moore) Baehni",1
"1058","Pouteria butyrocarpa (Kuhlm.) T.D.Penn.",3
"1059","Pouteria caimito (Ruiz & Pav.) Radlk.",17
"1060","Pouteria coelomatica Rizzini",2
"1061","Pouteria durlandii (Standl.) Baehni",1
"1062","Pouteria gardneri (Mart. & Miq.) Baehni",16
"1063","Pouteria gardneriana (A.DC.) Radlk.",5
"1064","Pouteria glomerata (Miq.) Radlk.",2
"1065","Pouteria grandiflora (A.DC.) Baehni",12
"1066","Pouteria guianensis Aubl.",13
"1067","Pouteria macrophylla (Lam.) Eyma",5
"1068","Pouteria microstrigosa T.D.Penn.",9
"1069","Pouteria pachycalyx T.D.Penn.",6
"1070","Pouteria ramiflora (Mart.) Radlk.",3
"1071","Pouteria reticulata (Engl.) Eyma",7
"1072","Pouteria torta (Mart.) Radlk.",20
"1073","Pouteria venosa (Mart.) Baehni",2
"1074","Pradosia lactescens (Vell.) Radlk.",12
"1075","Prockia crucis P.Browne ex L.",13
"1076","Protium brasiliense (Spreng.) Engl.",18
"1077","Protium heptaphyllum (Aubl.) Marchand",37
"1078","Protium icicariba (DC.) Marchand",2
"1079","Protium spruceanum (Benth.) Engl.",26
"1080","Protium warmingianum Marchand",25
"1081","Protium widgrenii Engl.",3
"1082","Prunus myrtifolia (L.) Urb.",30
"1083","Pseudobombax grandiflorum (Cav.) A.Robyns",35
"1084","Pseudolmedia hirtula Kuhlm.",3
"1085","Pseudopiptadenia contorta (DC.) G.P.Lewis & M.P.Lima",32
"1086","Pseudopiptadenia leptostachya (Benth.) Rauschert",4
"1087","Pseudopiptadenia warmingii (Benth.) G.P.Lewis & M.P.Lima",12
"1088","Psidium brownianum Mart. ex DC.",3
"1089","Psidium cattleianum Sabine",11
"1090","Psidium guajava L.",14
"1091","Psidium guineense Sw.",19
"1092","Psidium myrtoides O.Berg",13
"1093","Psidium oligospermum Mart. ex DC.",1
"1094","Psidium rufum Mart. ex DC.",22
"1095","Psidium sartorianum (O.Berg) Nied.",3
"1096","Psychotria carthagenensis Jacq.",32
"1097","Psychotria cupularis (Müll.Arg.) Standl.",3
"1098","Psychotria deflexa DC.",8
"1099","Psychotria forsteronioides Müll.Arg.",5
"1100","Psychotria hastisepala Müll.Arg.",7
"1101","Psychotria myriantha Müll.Arg.",3
"1102","Psychotria nemorosa Gardner",2
"1103","Psychotria nuda (Cham. & Schltdl.) Wawra",13
"1104","Psychotria pallens Gardner",1
"1105","Psychotria schlechtendaliana (Müll.Arg.) Müll.Arg.",1
"1106","Psychotria suterella Müll.Arg.",4
"1107","Psychotria vellosiana Benth.",36
"1108","Pterocarpus rohrii Vahl",27
"1109","Pterogyne nitens Tul.",8
"1110","Qualea cordata (Mart.) Spreng.",6
"1111","Qualea cryptantha (Spreng.) Warm.",8
"1112","Qualea dichotoma (Mart.) Warm.",4
"1113","Qualea gestasiana A.St.-Hil.",9
"1114","Qualea megalocarpa Stafleu",5
"1115","Qualea multiflora Mart.",17
"1116","Qualea selloi Warm.",1
"1117","Quararibea turbinata (Sw.) Poir.",12
"1118","Quiina glazovii Engl.",4
"1119","Quiina magallano-gomesii Schwacke",2
"1120","Ramisia brasiliensis Oliv.",14
"1121","Randia armata (Sw.) DC.",18
"1122","Rauia resinosa Nees & Mart.",2
"1123","Remijia ferruginea (A.St.-Hil.) DC.",9
"1124","Rhamnidium elaeocarpum Reissek",15
"1125","Rhamnus sphaerosperma Sw.",5
"1126","Rhodostemonodaphne capixabensis J.B. Baitello & Coe-Teix.",2
"1127","Rhodostemonodaphne macrocalyx (Meisn.) Rohwer ex Madriñán",13
"1128","Richeria grandis Vahl",2
"1129","Rinorea bahiensis (Moric.) Kuntze",3
"1130","Rinorea guianensis Aubl.",3
"1131","Roupala longepetiolata Pohl",3
"1132","Roupala meisneri Sleumer",1
"1133","Roupala montana Aubl.",28
"1134","Rudgea coriacea (Spreng.) K.Schum.",1
"1135","Rudgea jasminoides (Cham.) Müll.Arg.",25
"1136","Rudgea recurva Müll.Arg.",1
"1137","Rudgea reticulata Benth.",6
"1138","Rudgea sessilis (Vell.) Müll.Arg.",2
"1139","Rudgea viburnoides (Cham.) Benth.",2
"1140","Ruprechtia laxiflora Meisn.",3
"1141","Rustia formosa (Cham. & Schltdl.) Klotzsch",1
"1142","Sacoglottis mattogrossensis Malme",4
"1143","Salacia arborea (Schrank) Peyr.",3
"1144","Salacia elliptica (Mart. ex Schult.) G.Don",10
"1145","Salacia grandifolia (Mart. ex Schult.) G.Don",2
"1146","Salix humboldtiana Willd.",1
"1147","Samanea inopinata (Harms) Barneby & J.W.Grimes",2
"1148","Sapindus saponaria L.",1
"1149","Sapium glandulosum (L.) Morong",25
"1150","Sapium haematospermum Müll.Arg.",1
"1151","Sapium sellowianum (Müll.Arg.) Klotzsch ex Baill.",2
"1152","Sarcaulus brasiliensis (A.DC.) Eyma",2
"1153","Savia dictyocarpa Müll.Arg.",1
"1154","Savia sessiliflora (Sw.) Willd.",1
"1155","Schefflera calva (Cham.) Frodin & Fiaschi",13
"1156","Schefflera longipetiolata (Pohl ex DC.) Frodin & Fiaschi",2
"1157","Schefflera morototoni (Aubl.) Maguire et al.",27
"1158","Schefflera varisiana Frodin",3
"1159","Schefflera vinosa (Cham. & Schltdl.) Frodin & Fiaschi",1
"1160","Schinus terebinthifolius Raddi",17
"1161","Schizocalyx cuspidatus (A.St.-Hil.) Kainul. & B. Bremer",13
"1162","Schizolobium parahyba (Vell.) Blake",7
"1163","Schoepfia brasiliensis A.DC.",15
"1164","Sebastiania brasiliensis Spreng.",10
"1165","Seguieria americana L.",2
"1166","Seguieria langsdorffii Moq.",18
"1167","Senefeldera verticillata (Vell.) Croizat",15
"1168","Senegalia polyphylla (DC.) Britton & Rose",28
"1169","Senegalia tenuifolia (L.) Britton & Rose",3
"1170","Senna affinis (Benth.) H.S.Irwin & Barneby",10
"1171","Senna cana (Nees & Mart.) H.S.Irwin & Barneby",8
"1172","Senna macranthera (DC. ex Collad.) H.S.Irwin & Barneby",27
"1173","Senna multijuga (Rich.) H.S.Irwin & Barneby",34
"1174","Senna pendula (Humb.& Bonpl.ex Willd.) H.S.Irwin & Barneby",1
"1175","Senna quinquangulata (Rich.) H.S.Irwin & Barneby",1
"1176","Senna reniformis (G.Don) H.S.Irwin & Barneby",5
"1177","Senna rugosa (G.Don) H.S.Irwin & Barneby",1
"1178","Senna silvestris (Vell.) H.S.Irwin & Barneby",4
"1179","Senna spectabilis (DC.) H.S.Irwin & Barneby",1
"1180","Senna splendida (Vogel) H.S.Irwin & Barneby",1
"1181","Simaba cedron Planch.",7
"1182","Simaba floribunda A.St.-Hil.",10
"1183","Simaba subcymosa A.St.-Hil. & Tul.",2
"1184","Simarouba amara Aubl.",9
"1185","Simira glaziovii (K.Schum.) Steyerm.",2
"1186","Simira grazielae Peixoto",1
"1187","Simira pikia (K.Schum.) Steyerm.",1
"1188","Simira sampaioana (Standl.) Steyerm.",8
"1189","Siparuna bifida (Poepp. & Endl.) A.DC.",9
"1190","Siparuna brasiliensis (Spreng.) A.DC.",15
"1191","Siparuna guianensis Aubl.",42
"1192","Siparuna poeppigii (Tul.) A.DC.",1
"1193","Siparuna reginae (Tul.) A.DC.",30
"1194","Siphoneugena crassifolia (DC.) Proença & Sobral",4
"1195","Siphoneugena densiflora O.Berg",18
"1196","Siphoneugena kiaerskoviana (Burret) Kausel",5
"1197","Siphoneugena reitzii D.Legrand",1
"1198","Sloanea garckeana K.Schum.",29
"1199","Sloanea guianensis (Aubl.) Benth.",26
"1200","Sloanea hirsuta (Schott) Planch. ex Benth.",12
"1201","Sloanea lasiocoma K.Schum.",9
"1202","Sloanea obtusifolia (Moric.) Schum.",2
"1203","Sloanea pubescens Benth.",1
"1204","Sloanea retusa Uittien",12
"1205","Solanum argenteum Dunal",2
"1206","Solanum asperum Rich.",6
"1207","Solanum bullatum Vell.",8
"1208","Solanum caavurana Vell.",8
"1209","Solanum campaniforme Roem. & Schult.",5
"1210","Solanum cernuum Vell.",21
"1211","Solanum cinnamomeum Sendtn.",5
"1212","Solanum cladotrichum Dunal",3
"1213","Solanum crinitum Lam.",6
"1214","Solanum didymum Dunal",6
"1215","Solanum diploconos (Mart.) Bohs",1
"1216","Solanum granulosoleprosum Dunal",9
"1217","Solanum latiflorum Bohs",3
"1218","Solanum leptostachys Dunal",1
"1219","Solanum leucodendron Sendtn.",15
"1220","Solanum lycocarpum A.St.-Hil.",1
"1221","Solanum mauritianum Scop.",2
"1222","Solanum megalochiton Mart.",4
"1223","Solanum melissarum Bohs",5
"1224","Solanum pseudoquina A.St.-Hil.",8
"1225","Solanum rufescens Sendtn.",5
"1226","Solanum sooretamum Carvalho",3
"1227","Solanum swartzianum Roem. & Schult.",23
"1228","Solanum velleum Thunb.",5
"1229","Solanum warmingii Hiern",6
"1230","Sorocea bonplandii (Baill.) W.C.Burger et al.",9
"1231","Sorocea guilleminiana Gaudich.",39
"1232","Sorocea hilarii Gaudich.",8
"1233","Sparattanthelium botocudorum Mart.",3
"1234","Sparattanthelium tupiniquinorum Mart.",1
"1235","Sparattosperma leucanthum (Vell.) K.Schum.",38
"1236","Spirotheca rivieri (Decne.) Ulbr.",3
"1237","Spondias macrocarpa Engl.",9
"1238","Spondias mombin L.",3
"1239","Spondias venulosa (Engl.) Engl.",10
"1240","Stephanopodium blanchetianum Baill.",1
"1241","Sterculia curiosa (Vell.) Taroda",11
"1242","Stifftia parviflora (Leandro) D.Don",1
"1243","Strychnos brasiliensis Mart.",6
"1244","Stryphnodendron polyphyllum Mart.",30
"1245","Styrax aureus Mart.",4
"1246","Styrax camporum Pohl",3
"1247","Styrax glabratus Schott",4
"1248","Styrax latifolius Pohl",5
"1249","Styrax maninul B.Walln.",7
"1250","Styrax martii Seub.",6
"1251","Styrax pohlii A.DC.",14
"1252","Swartzia acutifolia Vogel",20
"1253","Swartzia apetala Raddi",29
"1254","Swartzia flaemingii Raddi",15
"1255","Swartzia langsdorffii Raddi",2
"1256","Swartzia macrostachya Benth.",5
"1257","Swartzia multijuga Vogel",16
"1258","Swartzia myrtifolia Sm.",26
"1259","Swartzia oblata R.S.Cowan",11
"1260","Swartzia pilulifera Benth.",6
"1261","Swartzia simplex (Sw.) Spreng.",4
"1262","Swartzia submarginata (Benth.) Mansano",1
"1263","Sweetia fruticosa Spreng.",17
"1264","Syagrus macrocarpa Barb.Rodr.",7
"1265","Syagrus pseudococos (Raddi) Glassman",4
"1266","Syagrus romanzoffiana (Cham.) Glassman",32
"1267","Symphonia globulifera L.f.",2
"1268","Symphyopappus itatiayensis (Hieron.) R.M.King & H.Rob.",1
"1269","Symplocos celastrinea Mart.",4
"1270","Symplocos estrellensis Casar.",2
"1271","Symplocos nitens (Pohl) Benth.",5
"1272","Symplocos oblongifolia Casar.",4
"1273","Symplocos pentandra (Mattos) Occhioni ex Aranha",1
"1274","Symplocos pubescens Klotzsch ex Benth.",9
"1275","Symplocos revoluta Casar.",1
"1276","Syzygium jambos (L.) Alston",7
"1277","Tabebuia obtusifolia (Cham.) Bureau",8
"1278","Tabebuia roseoalba (Ridl.) Sandwith",5
"1279","Tabernaemontana catharinensis A.DC.",9
"1280","Tabernaemontana flavicans Willd. ex Roem. & Schult.",2
"1281","Tabernaemontana hystrix Steud.",26
"1282","Tabernaemontana laeta Mart.",22
"1283","Tabernaemontana salzmannii A.DC.",1
"1284","Tabernaemontana solanifolia A.DC.",4
"1285","Tachigali densiflora (Benth.) L.G.Silva & H.C.Lima",3
"1286","Tachigali denudata (Vogel) Oliveira-Filho",11
"1287","Tachigali duckei (Dwyer) Oliveira-Filho",1
"1288","Tachigali friburgensis (Harms) L.G.Silva & H.C.Lima",2
"1289","Tachigali paratyensis (Vell.) H.C.Lima",10
"1290","Tachigali pilgeriana (Harms) Oliveira-Filho",2
"1291","Tachigali rugosa (Mart. ex Benth.) Zarucchi & Pipoly",25
"1292","Tachigali subvelutina (Benth.) Oliveira-Filho",1
"1293","Talisia cerasina (Benth.) Radlk.",10
"1294","Tapirira guianensis Aubl.",40
"1295","Tapirira obtusa (Benth.) J.D.Mitch.",24
"1296","Terminalia fagifolia Mart.",2
"1297","Terminalia glabrescens Mart.",30
"1298","Terminalia januariensis DC.",4
"1299","Terminalia mameluco Pickel",6
"1300","Terminalia phaeocarpa Eichler",14
"1301","Ternstroemia alnifolia Wawra",3
"1302","Ternstroemia brasiliensis Cambess.",12
"1303","Ternstroemia carnosa Cambess.",2
"1304","Tetrastylidium grandifolium (Baill.) Sleumer",13
"1305","Tetrorchidium rubrivenium Poepp.",1
"1306","Thyrsodium spruceanum Benth.",9
"1307","Tibouchina arborea (Gardner) Cogn.",3
"1308","Tibouchina candolleana (Mart. ex DC.) Cogn.",4
"1309","Tibouchina canescens (D.Don) Cogn.",3
"1310","Tibouchina elegans (Gardner) Cogn.",1
"1311","Tibouchina estrellensis (Raddi) Cogn.",24
"1312","Tibouchina fissinervia (Schrank & Mart. ex DC.) Cogn.",5
"1313","Tibouchina fothergillae (Schrank & Mart. ex DC.) Cogn.",5
"1314","Tibouchina mutabilis (Vell.) Cogn.",1
"1315","Tibouchina pulchra Cogn.",1
"1316","Tibouchina sellowiana Cogn.",6
"1317","Tibouchina stenocarpa (Schrank & Mart. ex DC.) Cogn.",2
"1318","Tocoyena brasiliensis Mart.",2
"1319","Tocoyena bullata (Vell.) Mart.",7
"1320","Tocoyena formosa (Cham. & Schltdl.) K.Schum.",1
"1321","Tontelea leptophylla A.C.Sm.",3
"1322","Toulicia laevigata Radlk.",22
"1323","Toulicia subsquamulata Radlk.",8
"1324","Tovomita brevistaminea Engl.",1
"1325","Tovomita fructipendula (Ruiz & Pav.) Cambess.",6
"1326","Tovomita leucantha (Schltdl.) Planch. & Triana",15
"1327","Tovomitopsis paniculata (Spreng.) Planch. & Triana",7
"1328","Trattinnickia ferruginea Kuhlm.",14
"1329","Trema micrantha (L.) Blume",26
"1330","Trembleya parviflora (D.Don) Cogn.",8
"1331","Trichilia casaretti C.DC.",13
"1332","Trichilia catigua A.Juss.",10
"1333","Trichilia clausseni C.DC.",1
"1334","Trichilia elegans A.Juss.",17
"1335","Trichilia emarginata (Turcz.) C.DC.",14
"1336","Trichilia hirta L.",12
"1337","Trichilia lepidota Mart.",25
"1338","Trichilia magnifoliola T.D.Penn.",4
"1339","Trichilia martiana C.DC.",3
"1340","Trichilia pallens C.DC.",21
"1341","Trichilia pallida Sw.",36
"1342","Trichilia pseudostipularis (A.Juss.) C.DC.",3
"1343","Trichilia quadrijuga Kunth",2
"1344","Trichilia ramalhoi Rizzini",2
"1345","Trichilia silvatica C.DC.",14
"1346","Trigoniodendron spiritusanctense E.F.Guim. & Miguel",3
"1347","Tripterodendron filicifolium Radlk.",5
"1348","Unonopsis bahiensis Maas & Orava",6
"1349","Unonopsis guatterioides (A.DC.) R.E.Fr.",1
"1350","Urbanodendron bahiense (Meisn.) Rohwer",1
"1351","Urbanodendron verrucosum (Nees) Mez",28
"1352","Urera baccifera (L.) Gaudich. ex Wedd.",8
"1353","Vantanea compacta (Schnizl.) Cuatrec.",1
"1354","Vatairea heteroptera (Allemão) Ducke",5
"1355","Vataireopsis araroba (Aguiar) Ducke",10
"1356","Verbesina glabrata Hook. & Arn.",1
"1357","Vernonanthura discolor (Spreng.) H.Rob.",14
"1358","Vernonanthura divaricata (Spreng.) H.Rob.",30
"1359","Virola bicuhyba (Schott ex Spreng.) Warb.",29
"1360","Virola gardneri (A.DC.) Warb.",12
"1361","Virola sebifera Aubl.",4
"1362","Vismia brasiliensis Choisy",11
"1363","Vismia guianensis (Aubl.) Choisy",25
"1364","Vismia magnoliifolia Cham. & Schltdl.",29
"1365","Vismia micrantha A.St.-Hil.",6
"1366","Vitex megapotamica (Spreng.) Moldenke",7
"1367","Vitex polygama Cham.",20
"1368","Vitex rufescens A.Juss.",2
"1369","Vitex sellowiana Cham.",17
"1370","Vochysia acuminata Bong.",1
"1371","Vochysia dasyantha Warm.",6
"1372","Vochysia emarginata (Vahl) Poir.",4
"1373","Vochysia magnifica Warm.",9
"1374","Vochysia oppugnata (Vell.) Warm.",2
"1375","Vochysia pyramidalis Mart.",2
"1376","Vochysia riedeliana Stafleu",4
"1377","Vochysia schwackeana Warm.",3
"1378","Vochysia thyrsoidea Pohl",2
"1379","Vochysia tucanorum Mart.",15
"1380","Weinmannia discolor Gardner",1
"1381","Weinmannia humilis Engl.",4
"1382","Weinmannia paulliniifolia Pohl ex Ser.",5
"1383","Wunderlichia mirabilis Riedel ex Baker",4
"1384","Ximenia americana L.",4
"1385","Xylopia aromatica (Lam.) Mart.",7
"1386","Xylopia brasiliensis Spreng.",20
"1387","Xylopia emarginata Mart.",2
"1388","Xylopia frutescens Aubl.",5
"1389","Xylopia laevigata (Mart.) R.E.Fr.",4
"1390","Xylopia langsdorfiana A.St.-Hil. & Tul.",1
"1391","Xylopia ochrantha Mart.",1
"1392","Xylopia sericea A.St.-Hil.",35
"1393","Xylosma ciliatifolia (Clos) Eichler",13
"1394","Xylosma prockia (Turcz.) Turcz.",18
"1395","Zanthoxylum acuminatum (Sw.) Sw.",3
"1396","Zanthoxylum caribaeum Lam.",15
"1397","Zanthoxylum fagara (L.) Sarg.",15
"1398","Zanthoxylum monogynum A.St.-Hil.",5
"1399","Zanthoxylum nemorale Mart.",2
"1400","Zanthoxylum petiolare A.St.-Hil. & Tul.",1
"1401","Zanthoxylum rhoifolium Lam.",38
"1402","Zanthoxylum riedelianum Engl.",5
"1403","Zanthoxylum tingoassuiba A.St.-Hil.",6
"1404","Zeyheria tuberculosa (Vell.) Bureau ex Verl.",22
"1405","Ziziphus platyphylla Reissek",4
"1406","Zollernia ilicifolia (Brongn.) Vogel",24
"1407","Zollernia modesta A.M.Carvalho & Barneby",3
"1408","Zygia latifolia (L.) Fawc. & Rendle",6
